,Perfume Name
0,Salvatore Ferragamo Signorina Misteriosa Eau De Parfum Miniature
1,Abercrombie & Fitch Authentic Night Eau De Parfum For Women
2,Azzaro Wanted Girl By Night Eau De Parfum For Women
3,Mugler A*Men Refillable Rubber Flask Eau De Toilette Miniature
4,Guerlain Homme Eau De Parfum
5,Hermes H24 Eau De Parfum For Men
6,Billie Eilish Eilish Eau De Parfum For Women
7,Ariana Grande Ari Eau De Parfum For Women
8,Ariana Grande Thank U Next Eau De Parfum For Women
9,Ariana Grande Rem Eau De Parfum For Women
10,Tom Ford Bitter Peach Eau De Parfum For Unisex
11,Bentley Beyond The Collection Vibrant Hibiscus Eau De Parfum For Unisex
12,Carolina Herrera Bad Boy Gold Fantasy Eau De Toilette For Men
13,Ralph Lauren Polo Sport Fresh Eau De Toilette For Men
14,Versace L'Homme Eau De Toilette
15,Guerlain Musc Noble Eau De Parfum For Unisex
16,Mancera Aqua Wood Eau De Parfum For Men
17,Mancera Wind Wood Eau De Parfum For Men
18,Joop Thrill Eau De Toilette For Men
19,Joop Homme Ice Eau De Toilette
20,Rasasi Marha Eau De Parfum For Women
21,Rasasi Soryani Eau De Parfum For Women
22,Montale Bengal Oud Eau De Parfum For Unisex
23,Ajmal Wisal Eau De Parfum For Women
24,Ajmal Silver Shade Eau De Parfum For Men
25,Ajmal Shiro Eau De Parfum For Men
26,Ajmal Rose Wood Eau De Parfum For Unisex
27,Ajmal Patchouli Wood Eau De Parfum For Unisex
28,Ajmal Oudesri Eau De Parfum For Unisex
29,Ajmal Moshaa Eau De Parfum For Unisex
30,Ajmal Hayba Eau De Parfum For Unisex
31,Ajmal Hatkora Wood Eau De Parfum For Unisex
32,Ajmal Gold Eau De Parfum For Men
33,Ajmal Evoke Gold Eau De Parfum For Women
34,Ajmal Aristocrat For Her Eau De Parfum For Women
35,Ajmal Amber Wood Eau De Parfum For Unisex
36,Ajmal Amber Santal Eau De Parfum For Unisex
37,Ajmal Amber Poivre Eau De Parfum For Unisex
38,Eze Vibe Eau De Parfum For Unisex
39,Eze Id Eau De Parfum For Unisex
40,Eze Nomad Eau De Parfum For Men
41,Eze Elation Eau De Parfum For Men
42,Eze Surge Eau De Parfum For Men
43,Eze Flow Eau De Parfum For Women
44,Eze Awe Eau De Parfum For Women
45,Eze Joy Eau De Parfum For Women
46,Rasasi Dirham Eau De Parfum For Unisex
47,Rasasi Aneen Eau De Parfum For Unisex
48,Rasasi Marha Eau De Parfum For Men
49,Rasasi Soryani Eau De Parfum For Men
50,Rasasi Safina Eau De Parfum For Women
51,Ajmal Kuro Eau De Parfum For Men
52,Arabian Oud Resala Eau De Parfum For Unisex
53,Montale Oudmazing Eau De Parfum For Unisex
54,Montale Aoud Damascus Eau De Parfum For Women
55,Montale Aoud Lime Eau De Parfum For Unisex
56,Montale Honey Oud Eau De Parfum For Unisex
57,Montale Oud Pashmina Eau De Parfum For Unisex
58,Montale Oud Tabacco Eau De Parfum For Unisex
59,Mancera Amber Fever Eau De Parfum For Unisex
60,Mancera Aoud Exclusif Eau De Parfum For Unisex
61,Paco Rabanne 1 Million Elixir Parfum Intense For Men
62,Giorgio Armani Code Parfum For Men
63,Creed Acqua Fiorentina Eau De Parfum For Women
64,Azzaro The Most Wanted Parfum For Men
65,Yves Saint Laurent Babycat Eau De Parfum For Unisex
66,Afnan Modest Pour Homme Une Eau De Parfum
67,Carolina Herrera Very Good Girl Eau De Parfum For Women
68,Ajmal Ascend Eau De Parfum For Unisex
69,Ajmal Yearn Eau De Parfum For Men
70,Ajmal Prose Eau De Parfum For Men
71,Ajmal Neea Eau De Parfum For Women
72,Ajmal Aretha Eau De Parfum For Women
73,Ajmal Emulse Eau De Parfum For Unisex
74,Ajmal Wisal Dhahab Eau De Parfum For Men
75,Ajmal Sacred Love Eau De Parfum For Women
76,Ajmal Aurum Eau De Parfum For Women
77,Ajmal Titanium Eau De Parfum For Men
78,Ajmal Carbon Eau De Parfum For Men
79,Mancera Silver Blue Eau De Parfum For Unisex
80,Ajmal Mukhallat Al Shams Eau De Parfum For Unisex
81,Mercedes-Benz Club Extreme Eau De Toilette For Men
82,Geoffrey Beene Eau De Grey Flannel Eau De Toilette For Men
83,Armaf Club De Nuit Urban Man Elixir Eau De Parfum
84,Armaf Club De Nuit Untold Eau De Parfum For Unisex
85,Armaf Niche Bucephalus No.XII Eau De Parfum For Men
86,Jean Paul Gaultier So Scandal Eau De Parfum For Women
87,Elizabeth Arden White Tea Eau De Toilette For Women
88,Jimmy Choo I Want Choo Eau De Parfum For Women
89,Prada Paradoxe Eau De Parfum For Women
90,Juicy Couture Couture La La Eau De Parfum For Women
91,Cartier De Pasha Parfum Limited Edition For Men
92,Dolce & Gabbana The One Mysterious Night Eau De Parfum Exclusive Edition
93,Elie Saab Girl Of Now Lovely Eau De Parfum For Women
94,Dunhill Signature Collection Egyptian Smoke Eau De Parfum For Men
95,Armaf Club De Nuit Blue Iconic Eau De Parfum For Men
96,Guerlain Habit Rouge Eau De Parfum For Unisex
97,Afnan Turathi Brown Eau De Parfum For Men
98,Jean Paul Gaultier La Belle Eau De Parfum For Women
99,Birra Milano Max Eau De Parfum For Unisex
100,Birra Exuberance Intense Eau De Parfum For Unisex
101,Birra Lovestruck Eau De Parfum For Women
102,Birra Trulove Eau De Parfum For Women
103,Birra Epic Eau De Parfum For Unisex
104,Birra Machismo Gold Eau De Parfum For Unisex
105,Birra Trugold Eau De Parfum For Women
106,Birra Dark Side Eau De Parfum For Men
107,Birra Glacier Eau De Parfum For Unisex
108,Cartier De Pasha Parfum For Men
109,Missoni Wave Pour Homme Eau De Toilette
110,Lattafa Opulent Oud Eau De Parfum For Unisex
111,Al Haramain Detour Noir Eau De Parfum
112,Afnan Rare Carbon Eau De Parfum For Men
113,Paco Rabanne Phantom Legion Eau De Toilette
114,Davidoff Cool Water Reborn Eau De Toilette
115,Calvin Klein Eternity Eau De Parfum For Men
116,Hugo Boss Boss Jour Pour Femme Eau De Parfum
117,Afnan 9am Dive Eau De Parfum For Unisex
118,Salvatore Ferragamo Bright Leather Eau De Toilette
119,Giorgio Armani Code Eau De Parfum For Women
120,Birra Voluptuous Eau De Parfum For Women
121,Birra Vivacious Eau De Parfum For Women
122,Birra Verdict Eau De Parfum For Unisex
123,Birra Sheer Oud Eau De Parfum For Unisex
124,Birra Oud Sensation Eau De Parfum For Unisex
125,Birra Oud Seduction Eau De Parfum For Unisex
126,Birra Oud Obsession Eau De Parfum For Unisex
127,Birra Oud Awsome Eau De Parfum For Unisex
128,Birra Oud Arabica Eau De Parfum For Unisex
129,Birra Lush Eau De Parfum For Women
130,Birra Luscious Eau De Parfum For Women
131,Birra Essentially Oud Eau De Parfum For Unisex
132,Birra Bewitched Eau De Parfum For Women
133,Birra Alden Eau De Parfum For Unisex
134,Birra Affluence Eau De Parfum For Men
135,Birra Acqua Sport Eau De Parfum For Men
136,Birra Acqua Men Eau De Parfum For Men
137,Montale Ristretto Intense Cafe Extrait De Parfum For Unisex
138,Tom Ford Fucking Fabulous Eau De Parfum
139,Ralph Lauren Ralph's Club Parfum
140,Paco Rabanne Fame Eau De Parfum
141,Hermes Terre D'Hermes Eau Givree Eau De Parfum
142,Armaf Club De Nuit Intense Man Parfum Limited Edition
143,Azzaro Chrome Legend Eau De Toilette For Men
144,Salvatore Ferragamo Eau De Toilette
145,Afnan Supremacy Silver Pour Homme Eau De Parfum
146,Versace Pour Femme Dylan Turquoise Eau De Toilette
147,Guerlain De Vetiver Eau De Toilette For Men
148,Dunhill Icon Racing Red Eau De Parfum
149,Dunhill Icon Racing Blue Eau De Parfum
150,Calvin Klein CK One Eau de Toilette Gift Set
151,Mont Blanc Legend Red Eau De Parfum For Men
152,Prada Luna Rossa Black Eau De Parfum
153,Givenchy L'Interdit Eau de Parfum Intense
154,Givenchy Gentleman Reserve Privée Eau De Parfum
155,Narciso Rodriguez Bleu Noir For Him Parfum
156,Prada Luna Rossa Ocean Pour Homme Eau De Toilette
157,Gucci Bloom Ambrosia di Fiori Eau De Parfum Intense
158,Ralph Lauren Polo Deep Blue Parfum For Men
159,Yves Saint Laurent L'Homme Le Parfum For Men
160,Yves Saint Laurent M7 Oud Absolu Eau De Toilette For Men
161,Mancera Intense Cedrat Boise Extrait De Parfum For Men
162,Dolce & Gabbana Light Blue Forever Pour Homme Eau De Parfum
163,Azzaro The Most Wanted Eau De Parfum Intense For Men
164,Mercedes Benz Club [Black] Eau De Toilette For Men - 100ml
165,Mercedes Benz Silver Eau De Toilette For Men - 120ml
166,Yves Saint Laurent Mon Paris Floral Eau De Parfum For Women
167,Yves Saint Laurent La Nuit De L'Homme Bleu Électrique Eau De Toilette Intense
168,Giorgio Armani Stronger With You Freeze Eau De Toilette-100ml
169,Arabian Oud Amiri Eau De Parfum Unisex
170,Arabian Oud Madawi Eau De Parfum For Unisex
171,Giorgio Armani Si Eau De Parfum Intense For Women-100ml
172,Diptyque L’Art Du Parfum Discovery Set Of 5
173,Juicy Couture Viva La Juicy Eau De Parfum Neon - 100ml
174,Dolce & Gabbana The One Luminous Night Eau De Parfum Exclusive Edition
175,Christian Dior Eau Sauvage Cologne
176,Christian Dior Eau Sauvage Extrême Eau De Toilette -100ml
177,Christian Dior Homme Sport Eau De Toilette For Men
178,Cartier Pasha Edition Noire Eau De Toilette For Men
179,Lalique Pour Homme Lion Eau De Parfum For Men
180,Christian Dior Hypnotic Poison Eau De Parfum For Women
181,Lalique White In Black Eau De Parfum For Men
182,Guerlain Heritage Eau De Parfum For Men
183,Atelier Cologne Pure Perfume Set 5 x 10ml
184,Diptyque Discovery Set L'art Du Parfum 6 x 10ml
185,Burberry Hero Eau De Toilette For Men
186,Jean Paul Gaultier Le Male Le Parfum Eau De Parfum Intense
187,Versace Eros Parfum For Men 100ml
188,Giorgio Armani Code Absolu Parfum For Men
189,Cartier Baiser Vole Eau de Parfum
190,Victoria's Secret Collection Set 5 x 75ml perfumes
191,Bvlgari Le Gemme Astrea EDP For Women- 100ml
192,Bvlgari Le Gemme Azaran EDP For Men - 100ml
193,Bvlgari Le Gemme Empyr EDP For Men - 100ml
194,Victoria's Secret Collection Set 5 x 7.5ml miniature
195,Bentley Silverlake Eau De Parfum For Men
196,Halloween Man X Eau De Toilette For Men 125ml
197,Montale Arabian Tonka Eau De Parfum For Unisex
198,Prada Candy Eau De Perfume For Women - 30ml
199,Chopard Rose Malaki Eau De Parfum - 80ml
200,Creed Aventus Cologne Eau De Parfum For Men
201,Giorgio Armani Acqua Di Gio Eau De Parfum
202,Christian Dior Sauvage Parfum For Men - 100ml
203,Dunhill Signature Collection Amalfi Citrus EDP 100ml
204,Dunhill Signature Collection Amalfi Citrus EDP 2ml Vial
205,Dunhill Signature Collection Moroccan Amber 2ml Vial
206,Dunhill Signature Collection Indian Sandalwood EDP 2ml Vial
207,Dunhill Signature Collection Arabian Desert EDP 2ml Vial
208,Calvin Klein Defy Eau de Toilette
209,Giorgio Armani Code Colonia EDT 15ml Miniature
210,Guerlain L'Homme Ideal Sport Eau De Parfum For Men
211,Montblanc Explorer EDP Miniature For Men - 4.5ml
212,Salvatore Ferragamo Emozione EDP for women - 92ml
213,Elie Saab Girl of Now Shine Perfume For Women - 90ml
214,Elie Saab Girl of Now Forever Eau De Parfum For Women - 90ml
215,Salvatore Ferragamo Emozione EDP vial for women - 1.5ml pack of 2
216,Guerlain Habit Rouge Eau De Toilette For Men
217,Diesel Spirit of The Brave EDT Perfume - 75ml
218,Givenchy Gentleman Eau De Parfum 100ml
219,Guy Laroche Drakkar Noir Eau De Toilette For Men
220,Thameen Riviere Eau De Parfum Gift Set
221,Thameen Riviere Eau De Parfum -50ML
222,Thameen Regent Leather Eau De Parfum -50ML
223,Thameen Peregrina Eau De Parfum -50ML
224,Thameen Peacock Throne Eau De Parfum -50ML
225,Thameen Noorolain Taif Eau De Parfum -50ML
226,Thameen Nassak Eau De Parfum -50ML
227,Thameen Imperial Crown Eau De Parfum -50ML
228,Thameen Green Pearl Eau De Parfum -50ML
229,Thameen Diadem Eau De Parfum -50ML
230,Thameen Carved Oud Eau De Parfum -50ML
231,Thameen Amber Room Eau De Parfum -50ML
232,Mont Blanc Individuel Tonic Eau de Toilette For Men - 75ml
233,Paco Rabanne Invictus Legend Eau de Parfum For Men 100ml
234,Lanvin Eclat D'Arpege Pour Homme Eau De Perfume 100ml
235,Victoria Secret Bombshell Beach Perfume For Women EDP
236,Victoria Secret Bombshell Gold Perfume For Women EDP
237,Halloween Man Eau De Toilette For Men - 125ml
238,Tom Ford Black Orchid Parfum
239,Afnan Supremacy In Oud Eau De Parfum For Unisex
240,Dolce & Gabbana The One Eau De Parfum Intense
241,Paco Rabanne Invictus Victory Eau de Parfum For Men
242,Thierry Mugler A*Men Metallic Flask Eau de Toilette Spray 100ml
243,Creed Erolfa Eau De Parfum For Men
244,Juicy Couture Viva La Juicy Le Bubbly Eau De Perfume For Women 100ml
245,Lanvin L'Homme Eau De Toilette For Men
246,Versace Bright Crystal Absolu Eau de Parfum For Women - 90ml
247,Ralph Lauren Ralph's Club Eau de Parfum
248,Jaguar Classic Red EDT Perfume For Men - 100ml
249,Mont Blanc Explorer Ultra Blue Eau de parfum For Men - 100ml
250,Jean Paul Gaultier Scandal Eau De Toilette For Men - 100ml
251,Emporio Armani Stronger With You Leather Eau De Parfum Exclusive Edition
252,Calvin Klein Deep Euphoria Eau De Parfum For Women - 100ml
253,Calvin Klein Coffret 4 Piece Variety Gift Set - 15ml x 4
254,Christian Dior Dune Pour Homme Eau De Toilette For Men - 100ml
255,Christian Dior Jasmin Des Anges Eau De Perfume
256,Chanel Egoiste Eau De Toilette For Men 100ml
257,Mancera Crazy For Aoud Eau De Parfum For Unisex
258,Christian Dior La Colle Noire Eau De Perfume
259,Afnan Supremacy Incense Eau De Parfum For Men
260,Hermes Terre D'Hermes Eau Intense Vetiver Eau De Parfum
261,Mont Blanc Miniature Gift Set OF Legend Explorer Spirit EDP For Men
262,Davidoff Cool Water Street Fighter Eau de Toilette For Men - 125ml
263,Davidoff Cool Water Street Fighter Eau De Toilette For Women 100 ml
264,Viktor & Rolf Spicebomb Infrared Eau De Toilette -90ml
265,Dunhill Signature Collection British Leather Eau De Parfum For Men 100ml
266,Afnan Supremacy Not Only Intense Eau De Parfum For Men
267,Afnan 9pm Eau De Parfum For Men
268,Maison Margiela Replica Coffee Break Eau De Toilette For Unisex
269,Maison Margiela Replica By The Fireplace Eau De Toilette For Unisex
270,Dunhill London Icon EDP Travel Set For Men-4x7ml
271,Tom Ford Noir Extreme All Over Body Spray For Men - 150ml
272,Tom Ford Beau De Jour All Over Body Spray - 150ml
273,Coach Blue Eau De Toilette For Men-100ml
274,Coach Floral Blush Eau de Parfum For Women- 90ml
275,Coach Floral Eau De Parfum For Women
276,Victoria's Secret Tease Rebel EDP 7ml miniature
277,Yves Saint Laurent Y Le Parfum For Men 100ml
278,Gucci Flora Eau De Parfum For Women-75ml
279,Chanel 1957 Les Exclusifs De Chanel Eau de Parfum
280,Chanel N°5 Eau Premiere Spray For Women 100ml
281,Paco Rabanne Lady Million Eau de Parfum Gift Set
282,Paco Rabanne 1 Million 3PCS. Gift Set For Men
283,Givenchy Pi Eau De Toilette For Men
284,Chanel N°5 L'EAU Eau de Toilette Spray For Women
285,Chanel Paris Les Exclusifs De Chanel Gardenia Eau de Parfum
286,Chanel Sycomore Les Exclusifs De Chanel Eau de Parfum
287,Chanel Paris Beige Les Exclusifs De Chanel Eau de Parfum
288,Chanel Paris Le Lion Les Exclusifs De Chanel Eau de Parfum
289,Chanel Coromandel Les Exclusifs De Chanel Eau de Parfum
290,Oman Luxury Wanderlust Eau de Parfum 100ml
291,Oman Luxury Serenity Eau de Parfum 100ml
292,Oman Luxury Paramour Eau de Parfum 100ml
293,Oman Luxury Oud Aquilaria Eau de Parfum 100ml
294,Oman Luxury Mariya Eau de Parfum 100ml
295,Oman Luxury Overdose Eau de Parfum 100ml
296,Oman Luxury Khanjar Eau de Parfum 100ml
297,Oman Luxury Dejan Eau de Parfum 100ml
298,Oman Luxury Belfiore Eau de Parfum 100ml
299,Oman Luxury Angham Eau de Parfum 100ml
300,Azzaro Chrome Extreme Eau De Parfum For Men
301,Givenchy L'Interdit Eau De Parfum
302,Chanel N°5 Parfum For Women 30ml
303,Chanel Gabrielle Essence Eau De Parfum
304,Chanel Chance Eau Fraiche Eau de Toilette For Women 100ml
305,Chanel Chance Eau Vive Eau de Toilette For Women 100ml
306,Chanel Paris Biarritz Eau de Toilette 100ml
307,Hermes H24 Eau De Toilette For Men
308,Salvatore Ferragamo Uomo Signature Holiday Set for Men-100ml
309,Mercedes Benz Eau de Toilette Gift Set for Men-100ml
310,Mercedes Benz Select Eau de Toilette Gift Set for Men-100ml
311,Mercedes Benz Select Eau De Toilette
312,Estee Lauder Beautiful Love Eau De Perfume For Women-75ml
313,Chopard Collection Agar Royal Eau de Parfum 100ml
314,Chopard Aigle Imperial Eau de Parfum for men-100ml
315,Chopard Or de Calambac Eau de Parfum for men-100ml
316,Chopard Nuit des Rois Eau de Parfum for men-100ml
317,Chopard 1000 Miglia Eau de Toilette for men-80ml
318,Bvlgari Omnia Golden Citrine Landia Collection Eau De Toilette - 65 ml
319,Bvlgari Rose Goldea Blossom Delight Eau De Parfum
320,Bvlgari Goldea The Roman Night Absolute Eau De Parfum -75ml
321,Bvlgari Omnia By Mary Katrantzou Capsule Edition Eau De Parfum - 65ml
322,Salvatore Ferragamo Uomo Eau de Toilette for men - 100ml
323,Salvatore Ferragamo Intense Leather Pour Homme Eau De Parfum
324,Salvatore Ferragamo Amo EDP Perfume for women - 100ml
325,Salvatore Ferragamo Uomo Urban Feel EDT for men
326,Carolina Herrera Good Girl Eau De Parfum Supreme For Women
327,Bvlgari Splendida Tubereuse Mystique Eau De Perfume For Women - 100ml
328,Bvlgari Man Glacial Essence Eau De Parfum
329,Bvlgari Man Terrae Essence Eau De Parfum
330,Paco Rabanne Pour Homme Eau de Toilette For Men
331,Paco Rabanne Phantom for Men Eau de Toilette
332,Christian Dior Sauvage Elixir Perfume
333,Chanel Coco Mademoiselle Eau De Toilette For Women 100ml
334,Estee Lauder Treasures 4pc Miniature Travel Collection For Women
335,Kenzo Flower Eau De Parfum For Women
336,Versace Yellow Diamond Intense Eau De Parfum For Women
337,Yves Saint Laurent Opium Eau De Toilette
338,Jimmy Choo Miniature Collection 5pc For Women 4.5ml
339,Bvlgari Jasmin Noir Edp For Women 100ml
340,Elie Saab Girl Of Now Deodorant For Woman 100ml
341,Chloe Nomade Absolu Eau De Parfum For Women
342,Mont Blanc Legend Eau De Parfum Gift Set For Men 100ml
343,Burberry Her Intense Eau De Parfum For Women
344,Bvlgari Pour Femme Eau De Parfum
345,Roja Parfums Scandal Pour Femme 100 ml
346,Roja Parfums Risqué Pour Femme 100 ml
347,Roja Parfums Reckless Pour Femme 100 ml
348,Roja Parfums Danger Pour Femme 100 ml
349,Roja Parfums Roja 51 Pour Femme 100 ml
350,Roja Parfum Oceania 100 ml
351,Issey Miyake L'Eau Super Majeure d'Issey Eau de Toilette 100 ml
352,Issey Miyake Nuit Dissey Polaris Eau De Parfum 100ml
353,Coach Eau de Toilette For Men-100ml
354,Calvin Klein One Summer Eau de Toilette For Unisex 100ml
355,Dolce & Gabbana K Eau De Toilette Gift Set
356,Azzaro Wanted Tonic Eau De Toilette For Men
357,Ermenegildo Zegna Essenze Madras Cardamom Eau De Parfum For Men 100ml
358,Ermenegildo Zegna Essenze Indonesian Oud Eau De Parfum For Men 100ml
359,Bvlgari Onekh Eau De Perfume For Men - 100ml
360,Bvlgari Ambero Eau De Perfume For Men - 100ml
361,Bvlgari Malakeos Eau De Perfume For Men - 100ml
362,Bvlgari Desiria Eau De Perfume For Women - 100ml
363,Bvlgari Lazulia Eau De Perfume For Women - 100ml
364,Bvlgari Splendia Eau De Perfume For Women - 100ml
365,Bvlgari Reali Rubinia Eau De Perfume For Women - 100ml
366,Bvlgari Reali Veridia Eau De Perfume For Women - 100ml
367,Bvlgari Coralia Eau De Perfume For Women - 100ml
368,Bvlgari Amarena Eau De Perfume For Women - 100ml
369,Bvlgari Calaluna Eau De Perfume For Women - 100ml
370,Bvlgari Lilaia Eau De Perfume For Women - 100ml
371,Bvlgari Garanat Eau De Perfume For Men - 100ml
372,Bvlgari Gyan Eau De Perfume For Men - 100ml
373,Bvlgari Le Gemme Yasep Eau De Parfum For Men - 100ml
374,Bvlgari Falkar Eau De Perfume For Men - 100ml
375,Bvlgari Kobraa Le Gemme Eau De Parfum - 100ml
376,Juliette Has A Gun Mmmm Eau De Perfume For Women
377,Atelier Des Ors Pomelo Riviera Eau De Parfum For Unisex - 100ml
378,Atelier Des Ors Nuda Veritas Eau De Parfum For Unisex - 100ml
379,Atelier Des Ors Crepuscule Des Ames Eau De Parfum For Unisex - 100ml
380,Atelier Des Ors Choeur Des Anges Eau De Parfum For Unisex - 100ml
381,Atelier Des Ors Bois Sikar Eau De Parfum For Unisex - 100ml
382,Atelier Des Ors Cuir Sacre Eau De Parfum For Unisex - 100ml
383,Atelier Des Ors Musc Immmortel Eau De Parfum For Unisex - 100ml
384,Atelier Des Ors Rose Omeyyade De Parfum For Unisex - 100ml
385,Atelier des Ors Iris Fauve Eau De Parfum For Unisex - 100ml
386,Atelier des Ors Larmes Du Desert Eau De Parfum For Unisex - 100ml
387,Atelier des Ors Aube Rubis Eau De Parfum For Unisex - 100ml
388,Chanel Paris Deauville Eau de Toilette 100ml
389,Chanel Paris Venise Eau de Toilette 125ml
390,Chanel Paris Riviera Eau de Toilette 100ml
391,Chanel Platinum Egoiste Eau De Toilette For Men
392,Victoria's Secret Bombshell Oud Eau De Perfume 100ml
393,Aramis Tobacco Reserve Eau De Toilette For Men
394,Aramis Adventurer Eau De Toilette For Men
395,Aramis Eau De Toilette For Men
396,Aramis Voyager Eau De Toilette For Men
397,Jean Paul Gaultier Le Beau Eau De Toilette
398,Mancera Vetiver Sensuel Eau De Parfum Unisex
399,Creed Aventus For Her Eau De Parfum For Women
400,Arabian Oud Majestic Special Oud Eau De Parfum For Unisex
401,Ralph Lauren Polo Sport Eau De Toilette 125ml
402,Montale Intense Cafe Eau De Parfum For Unisex
403,Issey Miyake L’eau Super Majeure D’issey Eau De Toilette - 100ml
404,John Varvatos Nick Jonas Eau De Toilette For Men
405,Tom Ford Café Rose Eau De Parfum 50ml
406,Tom Ford Patchouli Absolu Eau De Parfum 50ml
407,Tom Ford Mandarino di Amalfi Eau De Parfum 50ml
408,Tom Ford Lost Cherry Eau De Parfum 50ml
409,Tom Ford Rose Prick Eau De Parfum 50ml
410,Guerlain L'Homme Ideal l'intense Eau De Parfum Men
411,Guerlain Samsara Eau De Toilette For Women
412,Yves Saint Laurent Tuxedo Eau De Parfum For Unisex
413,Guerlain Samsara Eau De Parfum For Women
414,Chanel Allure Homme Edition Blanche Eau de Parfum
415,Lancome L’Autre Oud Eau De Parfum 75ml
416,Tom Ford Costa Azzurra Eau De Parfum - 50ml
417,Mancera Black Gold Eau De Parfum For Men
418,Christian Dior Hypnotic Poison Eau De Toilette 100ml
419,John Varvatos Vintage Eau De Toilette For Men
420,Bentley Beyond The Collection Exotic Musk Eau De Parfum For Unisex
421,Bentley Beyond The Collection Majestic Cashmere Eau De Parfum For Unisex
422,Bentley Beyond The Collection Wild Vetiver Eau De Parfum For Unisex
423,Lancome La Vie Est Belle L'Eau De Parfum Intense
424,Mont Blanc Starwalker Eau de Toilette for Men 75 ml
425,United Colors of Benetton United Dreams Citrus Eau De Toilette for Her100 ML
426,United Colors of Benetton United Dreams Tonic Eau De Toilette for Men 100 ML
427,Mont Blanc Legend Eau de parfum For Men - 100ml
428,Versace Crystal Noir Eau De Toilette
429,Burberry My Burberry Black Eau De Parfum For Women
430,Narciso Rodriguez For Her Pure Musc Eau De Parfum 100 ml
431,Aramis Calligraphy Rose Eau De Parfum For Unisex
432,Paco Rabanne Invictus Aqua Eau de Toilette 100 ml for Men
433,Mancera Aoud Cafe Eau De Parfum For Unisex
434,Mancera Hindu Kush Eau De Parfum For Unisex
435,Lancome La Nuit Tresor Eau De Parfum for women
436,Lancome La Nuit Tresor Eau De Toilette for women
437,Givenchy Very Irrestible Fresh Attitude Eau de Toilette - 100 ml  (For Men)
438,Ralph Lauren Polo Blue Eau De Toilette Bear Edition 200ml
439,Chanel chance Eau De Toilette for women - 100ml
440,Bvlgari Pour Homme Extreme Eau De Toilette 100 ml for Men
441,Tom Ford Beau de jour Eau De Perfume - 100ml
442,Bvlgari Pour Homme Eau De Toilette 100 ml
443,Bvlgari Pour Homme Soir Eau De Toilette 100 ml for Men
444,Christian Dior Fahrenheit Parfum For Men 75ml
445,Dunhill Signature Collection Indian Sandalwood EDP 100ml For Men
446,Chopard 1927 Vintage Edition Eau de Parfum 80ml
447,Chopard Amber Malaki For Men Eau De Parfum 80ml
448,Dunhill Century Blue Eau De Parfum 135 ml for Men
449,Azzaro Fun Eau De Toilette For Unisex
450,Azzaro Sea Eau De Toilette For Unisex
451,Azzaro Shine Eau De Toilette For Unisex
452,Creed Royal Princess Oud Millesime Eau De Parfum For Women
453,Creed Viking Eau De Parfum For Men
454,Creed Himalaya Eau De Parfum For Men
455,Creed Tabarome Millesime Eau De Parfum For Men
456,Tom Ford Soleil blanc Eau De Perfume for Women- 100ml
457,Givenchy pi Extreme Eau De Toilette 100ml
458,Givenchy pi Air Eau De Toilette 100ml
459,Guerlain Mon Florale Eau De Toilette For Women
460,Guerlain L'Homme Idéal Eau De Toilette For Men
461,Guerlain L'Homme Idéal Extrême Eau De Parfum For Men
462,Lattafa Just Oud Eau De Parfum For Unisex
463,Yves Saint Laurent Opium Pour Homme  Eau De Toilette 100ml
464,Creed Original Santal Eau De Parfum For Unisex
465,Lancome Oud Bouquet Eau De Parfum For Men 100ml
466,Armaf Club De Nuit Sillage Eau De Parfum
467,Atelier des Ors Musc Immortel Eau De Parfum 100ml
468,Mont Blanc Signature Eau De Parfum For Women
469,Emporio Armani Privé's Royal Oud Eau De Parfum Intense 100ml
470,Creed original santal  Eau De Parfum 120 ml
471,Creed Royal Water Eau De parfum For Unisex
472,Creed Bois Du Portugal Eau De Parfum For Men
473,Abercrombie & Fitch First Instinct Together Eau De Toilette For Women
474,Abercrombie & Fitch First Instinct Together Eau De Toilette For Men
475,Montale Spicy Aoud Eau De Parfum For Unisex
476,Montale Aqua Gold Eau De Parfum For Unisex
477,Montale Aoud Sense Eau De Parfum For Unisex
478,Montale Dark Aoud Eau De Parfum Unisex
479,Montale Aoud Safran Eau De Parfum For Unisex
480,Montale Royal Aoud Eau De Parfum For Unisex
481,Montale Aoud Night Eau De Parfum For Unisex
482,Elie Saab Essence No.9 Tubéreuse Eau De Parfum 100ml
483,Tom Ford Neroli Portofino Forte Eau De Perfume - 100ml
484,Tom Ford Acqua Azzurra Eau De Perfume - 100ml
485,Tom Ford Oud Minerale Eau De Perfume - 100ml
486,Tom Ford Tobacco Vanille Eau De Parfum - 100ml
487,Armaf Club De Nuit Milestone Eau De Parfum 105ml
488,Montale Blue Amber Eau De Parfum For Unisex
489,Mancera Gold Incense Eau De parfum For Unisex
490,Mancera Blue Aoud Eau De Parfum For Unisex
491,Mancera Musky Garden Eau De Parfum For Women
492,Mancera Rose Aoud And Musc Eau De Parfum For Unisex
493,Victoria Secret Eau So Sexy  Gift Set For Women
494,Hugo Boss BOSS Bottled Oud Saffron Limited Edition Eau De Parfum - 100ml
495,Victoria's Secret First Love Eau De Perfume 100ml
496,Victoria's Secret Dream Angel Eau De Perfume 100ml
497,Victoria's Secret Very Sexy Eau De Perfume 100ml
498,Victoria's Secret Very Sexy Sea Eau De Perfume 100ml
499,Victoria's Secret Very Sexy Night Eau De Perfume 100ml
500,Salvatore Ferragamo Uomo Signature Eau De Parfum
501,Tom Ford Neroli Portofino Aqua  Eau De Toilette For Unisex - 50ml
502,Mancera Aoud Lemon Mint Eau De Parfum For Unisex
503,Victoria Secret Fearless Eau De Parfum For Women - 100ml
504,Creed Aventus 10th Anniversary Eau De Cologne For Men
505,Victoria's Secret Patchouli Coconut  Eau De Parfum for women 100ml
506,Victoria's Secret Fabulous Eau De Parfum for women 100ml
507,Paco Rabanne 1 Million Prive Eau De Parfum  For Men
508,Tom Ford Lost Cherry Eau De Perfume - 100ml
509,Victoria Secret Bombshell Intense Eau De Parfum For Women - 100ml
510,Lancome La Vie Est Belle Intensement Eau De Perfume  - 50ml
511,Hugo Boss BOSS Bottled Infinite Limited Edition Eau De Parfum 100ml
512,Thierry Mugler Alien  Mysterieux Eau De Perfume 90 ml
513,Issey Miyake L'eau D'Issey Pour Homme Summer 2016 Eau de Toilette - 125 ml  (For Men)
514,Versace Eros Eau De Parfum For Men
515,Prada Luna Rossa Homme Carbon Eau de Toilette
516,Diptyque Oud Palao Eau De Perfume For Women 75ml
517,Issey Miyake L’eau D’issey Pour Homme Or Encens Eau De Parfum for Men 100ml
518,Montale Roses Musk Eau De Parfum For Women
519,Montale Attar Eau De Parfum For Unisex
520,Montale Gold Flowers Eau De Parfum For Unisex
521,Montale Aoud Ever Eau De Parfum For Unisex
522,Montale Dark Purple Eau De Parfum For Women
523,Montale Orchid Powder Eau De Parfum For Unisex
524,Montale Starry Nights Eau De Parfum For Unisex
525,Montale Aoud Ambre Rose Eau De Parfum For Unisex
526,Abercrombie & Fitch First Instinct Blue Eau De Toilette For Men
527,Abercrombie & Fitch Authentic Eau De Toilette For Men
528,Abercrombie & Fitch Fierce Icon Eau De Cologne For Men
529,Armaf Club De Nuit Intense Man Parfum
530,Dunhill London Icon Gift Set For Men
531,Lancome La Vie Est Belle L'Eclat L'Eau de Parfum 50 ml
532,HERMES Twilly d'Hermès Deodorant Spray- 150ml
533,Christian Dior J'adore Eau De Parfum For Women
534,Christian Dior Joy Eau De Parfum Intense - 90ml
535,Ralph Lauren Woman Intense Black Eau De Perfume - 100ml
536,Yves Saint Laurent Libre Eau De Parfum Intense - 90ml
537,Azzaro Amber Fever Eau De Toilette For Men
538,Issey Miyake Fusion D'issey Eau De Toilette For Men
539,Dunhill Signature Collection Moroccan Amber 100ML
540,Dunhill Signature Collection Arabian Desert Eau De Parfum 100ml
541,Salvatore Ferragamo Uomo EDT Holiday Gift Set - 210ml
542,Salvatore Ferragamo Men UOMO Casual Life Fragrance Gift Set - 100ml
543,Salvatore Ferragamo Signorina Ribelle Gift Set - 150ml
544,Salvatore Ferragamo Amo Flowerful Eau de Toilette Gift Set - 150ml
545,Guerlain Mon Eau De Toilette For Women
546,Guerlain Aqua Allegoria Nerolia Bianca Eau De Toilette For Unisex
547,Paco Rabanne Pure XS For Men Eau De Toilette Gift Set
548,Paco Rabanne Pure XS Deodorant Spray For Women - 150ml
549,Prada Candy Kiss Eau De Perfume - 80ml
550,Azzaro Wild Mint Eau De Toilette For Men
551,Azzaro Naughty Leather Eau De Toilette For Men
552,Azzaro Ginger Lover Eau De Toilette For Men
553,Azzaro Hot Pepper Eau De Toilette For Men
554,Davidoff Cool Water Intense Eau de Parfum For Men - 125ml
555,John Varvatos Oud Eau De Toilette For Men
556,Kenneth Cole Vintage Black 4 Piece Gift Set
557,Givenchy Xeryus Rouge Eau De Toilette Spray - 100ml
558,Chopard Black Incense Malaki Eau De Parfum For Unisex
559,Viktor & Rolf Spicebomb Extreme Eau De Parfum- 90ml
560,Bentley Intense Eau De Parfum For Men
561,Jean Paul Gaultier Le Male Aviator Eau De Toilette For Men - 125ml
562,Jean Paul Gaultier Le Beau Male Eau De Toilette For Men - 125ml
563,John Varvatos Artisan Blu Eau De Toilette For Men
564,Givenchy Gentleman Only Eau De Toilette For Men 100ml
565,Givenchy Very Irresistible EDT Perfume For Women - 75ml
566,Givenchy Organza Givenchy Eau De Cologne For Women 100ml
567,Bottega Veneta Parfum Eau De Parfum For Men
568,St Dupont Oud & Rose Eau De Parfum - 100 ml
569,St Dupont Golden Wood Eau De Parfum - 100 ml
570,St Dupont Perfect Tobacco Eau De Parfum - 100 ml
571,St Dupont Pure Bloom Eau De Parfum - 100 ml
572,Giorgio Armani Acqua Di Gio Profondo Eau De Parfum
573,Mancera Black Prestigium Eau De Parfum For Unisex
574,Mancera Indian Dream Eau De Parfum For Women
575,Montale Aoud Ambre Eau De Parfum For Unisex
576,Mancera Precious Oud Eau De Parfum For Unisex
577,Mancera Black Intensitive Aoud Eau De Parfum For Unisex
578,Mancera Deep Forest Eau De Parfum For Unisex
579,Armaf  Magnificent Femme Eau De Parfum-100ml
580,Armaf  Luxe Opus Femme Eau De Parfum-100ml
581,Armaf Club De Nuit Intense Woman Eau De Parfum-150ml
582,Armaf Club De Nuit Urban Man Eau De Parfum
583,Armaf Beau Élégant Eau De Parfum-100ml
584,Armaf Beau Acute Men Eau De Parfum-100ml
585,Armaf  Radical Woman Eau De Parfum-100ml
586,Armaf  Radical Man Eau De Parfum-100ml
587,Armaf Blue Homme Eau De Parfum-100ml
588,Armaf Ventana Pour Homme  Eau De Parfum
589,Armaf Le Parait Pour Femme  Eau De Toilette-100ml
590,Armaf Le Parait Pour Homme Eau De Toilette-100ml
591,Armaf La Rosa Femme Eau De Parfum-100ml
592,Armaf  Italiano Uomo Eau De Toilette-100ml
593,Armaf Tres Jour Pour Femme Eau De Parfum-100ml
594,Armaf  Tres Nuit Homme Eau De Toilette-100ml
595,Armaf  Shades Eau De Toilette-100ml
596,Elie Saab Essence No.2 Gardenia Eau De Parfum Spray 100ml
597,Creed  Royal Oud Eau De Parfum For Unisex
598,Chopard  Collection Jasmin Moghol Eau de Parfum 100ml
599,Acqua Di Parma Note di Colonia III Eau De Cologne Perfume 150ml
600,Chopard Collection Magnolia Au Vetiver D'Haiti Eau De Parfum 100ml
601,Chopard Collection Vetiver D'Haiti Au The Vertr Eau De Parfum 100ml
602,Chopard Collection Rose Seljuker Eau De Parfum 100ml
603,Chopard Collection Vanille de Madagascar Eau De Parfum 100ml
604,Chopard Collection Orange Mauresque Eau De Parfum 100ml
605,Mancera Instant Crush Eau De Parfum For Unisex
606,Creed Original Vetiver Eau De Parfum For Unisex
607,Creed Millesime Imperial Eau De Parfum For Unisex
608,Gucci Bloom Eau De Toilette For Women
609,Azzaro Elixir Eau De Toilette For Men
610,Gucci Guilty Pour Homme Eau De Toilette 90ml
611,Chanel coco noir Eau De Parfum  - 100ml
612,Thierry Mugler A*Men Pure Malt EDT Spray (Limited Edition) 100ml
613,Creed Silver Mountain Water Eau De Parfum For Unisex
614,Guerlain Aqua Allegoria Limon Verde Eau De Toilette For Unisex
615,"Valentino Valentina Acqua Floreale Eau De Toilette, 80 ml"
616,Valentino Valentina Eau De Parfum 50 ml
617,Valentino Valentina Oud Assoluto Eau de Parfum for Women 80ml
618,PRADA Luna Rossa Sport Eau De Toilette 100ml
619,Prada L'Homme  L'eau Eau De Toilette For Men - 100ml
620,Dolce & Gabbana The Only One 2 Eau De Parfum For Women
621,Ralph Lauren Polo Green Eau De Toilette Spray -118 ml
622,Mancera Cedrat Boise Eau De Parfum For Unisex
623,Paco Rabanne 1 Million Gift Set For Men
624,Yves Saint Laurent La Nuit De L'Homme Eau De Toilette
625,Prada L'Homme Intense Eau De Parfum For Men - 100ml
626,Giorgio Armani Eau De Cedre Eau De Toilette Perfume For Men - 100 ml
627,Issey Miyake L'Eau d'Issy Pour Homme Aftershave Lotion
628,Azzaro Chrome After Shave Lotion For Men
629,Carolina Herrera 212 VIP Party Fever Eau De Parfum For Women
630,Dolce & Gabbana The One Royal Night Eau De Parfum Exclusive Edition
631,Hollister Free Wave For Him EDT 100 ML
632,"Hollister Wave 2 for Her Eau De Parfum, 100ml"
633,"Hollister Wave for Him Eau De Toilette, 100ml"
634,Ulric De Varens Udv LIXIR EDP For Men 100ml
635,UDV Womens Varens In The Sky EDP 100 ml
636,UDV Womens Cotton Musk Original Eau de Parfum - 100ml
637,Antonio Banderas Black Seduction Eau De Toilette For Men
638,Elizabeth Arden Mediterranean Eau de Parfum Spray 100ml
639,Lalique Encre Noire Eau De Toilette Pour Homme-100ml
640,Elie Saab Essence No.8 Santal 100ml
641,John Varvatos Artisan Pure Eau De Toilette For Men
642,Elie Saab Le Parfum Eau De Parfum For Women - 90ml
643,Calvin Klein Obsession Eau De Toilette For Men 125ml
644,A*men Pure Havane Eau De Toilette Spray By Thierry Mugler 100 ml
645,Theirry Mugler Angel Kryptomint for Men Eau de Toilette 100ml
646,Cartier L'Envol De Cartier For Men Eau De Toilette 80ml
647,Victoria's Secret Angel Gold 2 pc. Gift Set
648,Victoria's Secret Love Edp 100ml Gift Set
649,Victoria's Secret Angel Gold Edp 100ml Gift Set
650,Victoria's Secret Tease Large Fragrance Box Gift Set
651,Calvin Klein CK Free Eau De Toilette For Men-100ml
652,Calvin Klein CK All Eau De Toilette For Unisex-200ml
653,Calvin Klein CK Be Eau De Toilette For Unisex
654,Franck Olivier Oud Touch Eau De Parfum For Men
655,Joop Go Eau De Toilette For Men
656,Lancome Miracle Eau De Perfume For Women 100ml
657,Lancome Tresor Midnight Rose Eau De Perfume For Women 75ml
658,Montale Bakhoor Eau De Parfum For Unisex
659,Montale Leather Patchouli Eau De Parfum For Unisex
660,Montale Nepal Aoud Eau De Parfum For Unisex
661,Montale Aoud Forest Eau De Parfum For Unisex
662,Montale Aoud Legend Eau De Parfum For Unisex
663,Montale Black Aoud Intense Eau De Parfum For Unisex
664,Victorias Secret Forever Sexy Eau De Perfume 100ml
665,Calvin Klein Eternity Now Eau De Toilette For Men
666,Calvin Klein Eternity Intense For Men Eau De Toilette 200ml
667,Calvin Klein Women Eau De Parfum
668,Calvin Klien Eternity Eau De Toilette For Men 100ml
669,Calvin Klein Eternity For Men Summer 2019 Eau De Toilette-100ml
670,Carolina Herrera Good Girl Glorious Gold Collector Edition Eau De Perfume 80ml
671,Hermes Twilly D’Hermes Eau De Perfume For Women 85ml
672,Mancera Black To Black Eau De Parfum For Unisex
673,Givenchy Gentleman Eau De Toilette For Men 100ml
674,Carolina Herrera Bad Boy Eau De Toilette
675,Chanel Allure Homme Sport Eau Extreme
676,Carolina Herrera CH Men Eau De Toilette For Men 100ml
677,Ferrari Scuderia Ferrari Red Gift Set
678,Estee Lauder Modern Muse Nuit Eau De Perfume For Women 100ml
679,Dolce & Gabbana Light Blue Pour Homme Gift Set
680,Mancera Lemon Line Eau De Parfum For Unisex
681,Montale Vanilla Extasy Eau De Parfum For Women
682,Givenchy Gentleman Givenchy Eau De Cologne For Men 100ml
683,Versace The Dreamer Eau De Toilette For Men 100ml
684,Christian Dior Pure Poison Eau De Perfume For Women 100ml
685,Christian Dior Homme Intense Eau De Parfum
686,Salvatore Ferragamo Incanto Charms Eau De Toilette For Women 100ml
687,Salvatore Ferragamo F by Ferragamo Free Time Eau De Toilette For Men 100ml
688,Paco Rabanne Lady Million Eau My Gold Eau De Toilette For Women 80ml
689,Yves Saint Laurent Black Opium Intense Eau De Perfume For Women 90ml
690,Dunhill Desire Blue Ocean Eau De Toilette For Men 100ml
691,Arabian Oud Woody Intense Eau De Parfum For Unisex
692,Gucci Flora Eau De Toilette For Women-75ml
693,Jean Paul Gaultier Le Male Eau De Toilette 75ml
694,Ralph Lauren Polo Double Black Eau De Toilette 75ml
695,Dolce & Gabbana The One Eau De Toilette 150ml
696,Dolce & Gabbana The One Eau De Toilette
697,Thierry Mugler Cologne Come Together Eau De Toilette Unisex
698,Elizabeth Arden Coffret For Women 4 Piece Variety Traval Gift Set
699,Yves Saint Laurent Jazz Eau De Toilette For Men 80ml
700,Bottega Veneta Eau De Parfum For Women
701,Coach Eau De Parfum For Women
702,Gucci By Gucci Eau De Parfum for Women 75ml
703,Issey Miyake L'Eau D'Issey Shade of Lagoon Eau De Toilette Spray 100ml
704,Bvlgari Man Wood Neroli Eau De Parfum 100ml
705,Christian Dior Eau Sauvage Parfum
706,Victoria's Secret Bombshell New York Eau De Perfume 100ml
707,Estee Lauder Wood Mystique Eau De Perfume For Unisex 50ml
708,Salvatore Ferragamo Incanto Heaven Eau De Toilette For Women 100ml
709,Issey Miyake L'Eau D'Issey Rose&Rose Intense Eau De Perfume For Women 90ml
710,Salvatore Ferragamo Incanto Shine Eau De Toilette For Women 100ml
711,Chanel Bleu De Chanel Pour Homme Parfum
712,Davidoff Cool Water Sea Rose Summer Edition 2019 Eau De Toilette For Women 100ml
713,Davidoff Cool Water Woman Sea Rose Eau De Toilette 100ml
714,Davidoff Run Wild Eau De Toilette For Men 100ml
715,Mancera Roses Vanille Eau De Parfum For Women
716,Chloe Nomade Eau De Parfum For Women
717,Etienne Aigner No. 1 Oud Eau De Perfume For Men 100ml
718,Joop Wow Eau De Toilette For Men
719,Montale Chocolate Greedy Eau De Parfum For Unisex
720,Viktor & Rolf Spicebomb Night Vision Eau De Toilette 90ml
721,Lanvin Marry Me! Eau De Perfume For Women 75ml
722,Hugo Boss BOSS Bottled Oud Aromatic Limited Edition Eau De Parfum 100ml
723,Issey Miyake L'Eau D'Issey Pour Homme Wood & Wood Eau De Parfum Intense For Men
724,Yves Saint Laurent Y Eau De Parfum For Men
725,Victoria's Secret Tease Eau De Perfume for Women
726,Diptyque Philosykos Eau De Perfume Unisex 75ml
727,Diptyque Do Son Eau De Perfume For Women 75ml
728,Diptyque L'Ombre Dans L'Eau Eau De Perfume For Women 75ml
729,Carolina Herrera CH Women Eau De Toilette 100ml
730,Carolina Herrera Good Girl Velvet Fatale Eau De Perfume 80ml
731,Carolina Herrera Good Girl Legere Eau De Perfume 100ml
732,Issey Miyake Nuit D'Issey Pulse Of The Night Eau De Perfume 100ml
733,Diptyque Tam Dao Eau De Parfum Unisex 75ml
734,Montale Black Aoud Eau De Parfum For Men
735,Arabian Oud Arabian Code Eau De Parfum For Men
736,Yves Saint Laurent Black Opium Eau De Toilette For Women 90ml
737,Tom Ford Ombre Leather Eau De Parfum
738,Juicy Couture Viva La Juicy Grande Edition Eau De Perfume For Women 200ml
739,Juicy Couture Viva La Juicy Rose Eau De Perfume For Women 100ml
740,Juicy Couture Viva La Juicy Gold Couture Eau De Perfume For Women 100ml
741,Juicy Couture Couture Couture Eau De Perfume For Women 100ml
742,Lanvin Oxygene Homme Eau De Toilette For Men 100ml
743,Lanvin L'Homme Sport Eau De Toilette For Men 100ml
744,Lanvin Eclat D'Arpege Eau De Parfum For Women 100ml
745,Giorgio Armani Si Eau De Toilette For Women 100ml
746,Giorgio Armani Si Eau De Parfum For Women-100ml
747,Giorgio Armani Si Fiori Eau De Parfum For Women 100ml
748,Lancome Hypnose Homme Eau De Toilette For Men 75ml
749,Lancome Poeme Eau De Perfume For Women 100ml
750,Kenzo World Intense Eau De Perfume For Women 75ml
751,Kenzo L'Eau Par Kenzo Pour Homme Eau De Toilette For Men 100ml
752,Tommy Hilfiger Tommy Girl Eau De Toilette For Women 100ml
753,Tommy Hilfiger Tommy Eau De Toilette For Men 100ml
754,Britney Spears Private Show Eau De Parfum For Women
755,Britney Spears Midnight Fantasy Eau De Parfum For Women
756,Britney Spears Fantasy Eau De Parfum For Women
757,Yves Saint Laurent Black Opium Eau De Perfume For Women 90ml
758,Tom Ford Noir Eau De Perfume For Men 100ml
759,Tom Ford Noir Eau De Toilette For Men 100ml
760,Paco Rabanne PACO Eau De Toilette For Unisex 100ml
761,Paco Rabanne Invictus Intense Eau De Toilette For Men 100ml
762,Paco Rabanne Olympea Intense Eau De Parfum Intense
763,Paco Rabanne 1 Million Eau De Toilette For Men
764,Paco Rabanne Lady Million Lucky Eau De Perfume 80ml
765,Paco Rabanne 1 Million Lucky Eau De Toilette For Men 100ml
766,Hugo Boss BOSS Orange Man Feel Good Summer Eau De Toilette For Men 100ml
767,Versace Eros Flame Eau De Parfum For Men
768,Salvatore Ferragamo F By Ferragamo Pour Homme Black Eau De Toilette 100ml
769,Joop Jump Eau De Toilette For Men
770,Joop Pour Homme Eau De Toilette For Men
771,Versace Crystal Noir Eau De Perfume For Women 90ml
772,Jean Paul Gaultier I Love Gaultier Classique Eau Fraiche Wonder Woman Special Edition 100ml
773,Hugo Boss HUGO Woman Eau De Parfum
774,Chanel Chance Eau De Parfum For Women
775,Estee Lauder Pure White Linen Eau De Parfum For Women 100ml
776,Lalique White Eau De Toilette For Men 125ml
777,Lalique Amethyst Eau De Parfum For Women
778,Lalique Encre Noire A L’Extreme Eau De Parfum For Men 100ml
779,Lalique Encre Noire Sport Eau De Toilette Pour Homme-100ml
780,Salvatore Ferragamo F By Ferragamo Eau De Toilette For Men 100ml
781,Salvatore Ferragamo Uomo Casual Life Eau De Toilette For Men 100ml
782,Tommy Hilfiger Tommy Girl Now Eau De Toilette For Women 100ml
783,Cartier Declaration D'UN Soir Eau De Toilette 100ml
784,Nautica Blue Gift Set Eau De Toilette 100ml + Deodrant 150ml
785,United Colors of Benetton Colors De Benetton Woman Blue Eau De Toilette For Women 80ml
786,United Colors of Benetton United Dreams Be Strong Eau De Toilette For Men 100ml
787,United Colors of Benetton United Dreams Aim High Eau De Toilette For Men 100ml
788,United Colors of Benetton United Dreams Dream Big Eau De Toilette For Men 100ml
789,United Colors of Benetton United Dreams Go Far Eau De Toilette For Men 100ml
790,United Colors of Benetton United Dreams Live Free Eau De Toilette For Women 80ml
791,United Colors of Benetton United Dreams Dream Big Eau De Toilette For Women 80ml
792,United Colors of Benetton United Dreams Love Yourself Eau De Toilette For Women 80ml
793,United Colors of Benetton Colors De Benetton Woman Purple Eau De Toilette For Women 80ml
794,United Colors of Benetton Colors De Benetton Women Rose Eau De Toilette For Women 80ml
795,Abercrombie & Fitch First Instinct Extreme Eau De Parfum For Men
796,Abercrombie & Fitch First Instinct Eau De Toilette For Men
797,Juicy Couture I Love Juicy Couture Eau De Perfume For Women 100ml
798,Dolce & Gabbana Dolce Peony Eau De Parfum
799,Dolce & Gabbana Dolce Floral Drops Eau De Toilette
800,Givenchy Play Intense Eau De Toilette 100ml
801,Gucci Guilty Intense Eau De Perfume for women 75ml
802,Gucci Guilty Diamond Limited Edition Eau De Toilette 50ml
803,Gucci Bamboo Eau De Perfume 75ml
804,Gucci Guilty Platinum Edition Eau De Toilette 75ml
805,Chanel Chance Eau Tendre Eau De Perfume 100ml
806,Chanel Gabrielle Eau De Perfume 100ml
807,Chanel Coco Mademoiselle Eau De Parfum - 100ml
808,Chanel N°5 Red Limited Edition Eau De Perfume 100ml
809,Dolce & Gabbana Intense Eau De Parfum
810,Dolce & Gabbana 3 L’Imperatrice Eau De Toilette
811,Dolce & Gabbana K Eau De Toilette
812,Viktor & Rolf Flowerbomb Eau De Parfum-100ml
813,Victoria's Secret Night Eau De Perfume 50ml
814,Victoria's Secret Crush (2018) Eau De Perfume - 50ml
815,Victoria's Secret Very Sexy Eau De Perfume 100ml
816,Victoria's Secret Tease Rebel Eau De Perfume - 50ml
817,Victoria's Secret Very Sexy Touch Eau De Parfum 75ml
818,Victoria's Secret Glamour Eau De Perfume - 50ml
819,Victoria's Secret Bombshell New York Eau De Perfume - 50ml
820,Victoria's Secret Bombshell Wild Flower Eau De Perfume - 100ml
821,Victoria's Secret Bombshell Paradise Eau De Perfume - 100ml
822,Thierry Mugler Alien Oud Majestueux Eau De Perfume - 90ml
823,Thierry Mugler Alien Eau De Parfum For Women
824,Thierry Mugler Angel Eau De Toilette For Women - 80ml
825,Thierry Mugler Angel Eau De Perfume For Women - 50ml
826,Thierry Mugler Innocent Eau De Perfume For Women - 75ml
827,Thierry Mugler Alien Man Eau De Toilette For Men - 100ml
828,Thierry Mugler Aura Eau De Perfume For Women - 90ml
829,Armaf Club De Nuit Man Eau De Toilette For Men - 105ml
830,Mancera Roses Greedy Eau De Parfum For Unisex
831,Mancera Black Line Eau De Parfum For Unisex
832,Mancera Coco Vanille Eau De Parfum For Unisex
833,Mancera Red Tobacco Eau De Parfum For Unisex
834,Mancera Aoud Vanille Eau De Parfum For Unisex
835,Juicy Couture Oui Juicy Couture Eau De Perfume For Women - 100ml
836,Juicy Couture Viva La Juicy Bowdacious Eau De Perfume For Women - 100ml
837,Juicy Couture Viva La Juicy Eau De Perfume For Women - 100ml
838,Juicy Couture Viva La Juicy Noir Eau De Perfume For Women - 100ml
839,Juicy Couture Juicy Couture Eau De Perfume For Women - 100ml
840,Jaguar Stance Eau De Toilette For Men - 100ml
841,Tom Ford Neroli Portofino Eau De Perfume For Unisex
842,Geoffrey Beene Grey Flannel Eau De Toilette For Men
843,Versace Dylan Blue Pour Femme Eau De Parfum For Women - 100ml
844,Dolce & Gabbana Intenso Pour Homme Gift Set
845,Viktor & Rolf Spicebomb Eau De Toilette - 90ml
846,Elizabeth Arden Deluxe Fragrance Collection For Women Gift Set
847,Nina Ricci Femme Miniature Gift Set 4 x 4ml
848,Jimmy Choo Man Gift Set For Men
849,Bvlgari BLV Pour Homme Gift Set For Men
850,Armaf Club De Nuit Man Intense Eau De Toilette
851,Bvlgari AQVA Pour Homme Atlantiqve Gift Set For Men
852,Bvlgari AQVA Pour Homme Gift Set For Men
853,Montblanc Legend Spirit Eau De Toilette Gift Set
854,Acqua Di Parma Colonia Eau De Cologne Perfume For Unisex - 100ml
855,Mancera Gold Intensitive Aoud Eau De Parfum For Unisex
856,Lancome La Vie Est Belle L'Eau De Parfum For Women
857,Azzaro Wanted Girl Eau De Parfum For Women
858,Mugler A*Men Refillable Rubber Flask Eau De Toilette
859,Paco Rabanne Lady Million Lucky Gift Set
860,Mont Blanc Explorer Gift Set For Men
861,Valentino Uomo Intense Eau De Perfume For Men - 100ml
862,Carolina Herrera CH Men Prive Eau De Toilette
863,Creed Green Irish Tweed Eau De Parfum For Men
864,Creed Aventus Eau De Parfum For Men
865,Mancera Gold Prestigium Eau De Parfum For Unisex
866,Paco Rabanne Invictus Eau De Toilette 2pcs Gift Set
867,Paco Rabanne 1 Million Gift Set For Men
868,Nina Ricci Luna For Women Gift Set
869,Nina Ricci Nina For Women Gift Set
870,Paco Rabanne Olympea Intense Gift Set
871,Paco Rabanne Pure XS For Him Gift Set 100ml
872,Ulric De Varens For Men Gift Set
873,Jean Paul Gaultier Le Male Eau De Toilette Gift Set
874,Giorgio Armani Armani Code For Men Gift Set Pack Of 4
875,Dunhill Desire Red Extreme Gift Set For Men
876,Jean Paul Gaultier Scandal Gift Set For Women
877,Jean Paul Gaultier Classique For Women Gift Set 50ml
878,Jean Paul Gaultier Classique For Women Gift Set 100ml
879,Mont Blanc Legend Gift Set For Men
880,Mont Blanc Emblem Gift Set For Men
881,Guerlain L'Homme Ideal Eau De Parfum For Men
882,Guerlain Heritage Eau De Toilette For Men
883,Mont Blanc Explorer Eau De Parfum For Men - 100ml
884,Jean Paul Gaultier Ultra Male Intense Eau De Toilette
885,Jean Paul Gaultier Ultra Male Intense Eau De Toilette For Men - 75ml
886,Jean Paul Gaultier Le Male Eau De Toilette
887,Jean Paul Gaultier Scandal Eau De Parfum For Women
888,Jean Paul Gaultier Classique Eau De Toilette For Women - 100ml
889,Jean Paul Gaultier Scandal By Night Eau De Parfum For Women - 80ml
890,Mercedes Benz Eau De Toilette
891,Mercedes Benz Le Parfum Eau De Perfume For Men - 120ml
892,Mercedes Benz Intense Eau De Toilette For Men - 120ml
893,Mercedes Benz VIP Club Black Leather Eau De Toilette For Men - 100ml
894,Mercedes-Benz Cologne Eau De Toilette For Men
895,Carolina Herrera Good Girl Eau De Parfum For Women
896,Jimmy Choo Man Blue Eau De Toilette For Men
897,Jimmy Choo Fever Eau De Parfum For Women
898,Chloe Love Story Eau De Parfum For Women
899,Chopard Pink Wish Eau De Perfume For Women - 75ml
900,Chopard Brilliant Wish Eau De Perfume For Women - 75ml
901,Chopard Wish Eau De Parfum For Women - 75ml
902,Chopard Oud Malaki Eau De Parfum For Men-80ml
903,Chopard Musk Malaki Eau De Perfume For Unisex - 80ml
904,Chanel N°5 Eau de Parfum For Women
905,Chanel Coco Mademoiselle Intense Eau De Perfume For Women - 50ml
906,Chanel Coco Mademoiselle Intense Eau De Perfume For Women - 100ml
907,Chanel Coco Eau De Parfum For Women - 100ml
908,Chanel Allure Homme Sport Eau De Toilette For Men
909,Chanel Bleu De Chanel Pour Homme Eau De Toilette
910,Chanel Bleu De Chanel Pour Homme Eau De Toilette 150ml
911,Chanel Allure Homme Sport Cologne Eau De Cologne Perfume For Men - 100ml
912,Chanel Allure Sensuelle Eau De Perfume For Women - 100ml
913,Chanel Bleu De Chanel Pour Homme Eau De Parfum
914,Thierry Mugler Cologne Eau De Toilette For Unisex - 100ml
915,Elie Saab Le Parfum Gift Set 90ml
916,Bvlgari AQVA Pour Homme Gift Set Pack Of 4
917,Bvlgari Omnia Crystalline Gift Set Pack Of 3
918,Elizabeth Arden Splendor Eau De Perfume For Women - 125ml
919,Elizabeth Arden Provocative Woman Eau De Perfume For Women - 100ml
920,Burberry Weekend Eau De Toilette For Men
921,Burberry Weekend Eau De Parfum For Women
922,Burberry Touch Eau De Toilette For Men
923,Burberry Touch Eau De Parfum For Women
924,Burberry The Beat Eau De Toilette For Men
925,Burberry The Beat Eau De Parfum For Women
926,Burberry My Burberry Blush Eau De Parfum For Women
927,Burberry Mr Burberry Eau De Toilette For Men
928,Burberry Mr Burberry Indigo Eau De Toilette For Men
929,Burberry Mr Burberry Eau De Parfum For Men
930,Burberry London Fabric Eau De Toilette For Men
931,Burberry London Fabric Eau De Parfum For Women
932,Burberry Classic Eau De Parfum For Women
933,Burberry Classic Eau De Toilette For Men
934,Burberry Brit Rhythm Eau De Toilette For Women
935,Burberry Brit Rhythm Intense Eau De Toilette For Men
936,Burberry Brit Eau De Toilette For Men
937,Burberry Brit Eau De Parfum For Women
938,Burberry Body Tender Eau De Toilette For Women
939,Burberry Body Eau De Parfum For Women
940,Al Haramain Urbanist Femme Gift Set
941,Kenneth Cole Black Eau De Toilette For Men
942,Bvlgari Man Wood Essence Gift Set
943,Bvlgari Man Extreme Perfume Gift Set For Men
944,Jennifer Lopez Still EDT Perfume Gift Set For Women
945,Mont Blanc Legend Night Gift Set For Men
946,Mont Blanc Legend Spirit Eau De Toilette For Men Gift Set
947,Thierry Mugler Angel Eau De Perfume Refillable For Women -  100ml
948,Thierry Mugler A*Men Pure Tonka Eau De Toilette - 100ml
949,Issey Miyake L'Eau d'Issey Pour Homme Noir Ambre Eau De Parfum
950,Trussardi Uomo The Red Eau De Toilette For Men - 100ml
951,Trussardi Uomo Eau De Toilette For Men - 100ml
952,Trussardi Donna Eau De Perfume For Women -  100ml
953,Trussardi Blue Land Eau De Toilette For Men - 100ml
954,Shakira Rock Eau De Toilette For Women - 80ml
955,Shakira Love Rock Eau De Toilette For Women - 80ml
956,Shakira Diamonds Eau De Toilette For Women - 80ml
957,Shakira Dance Eau De Toilette For Women - 80ml
958,Prada Luna Rossa Eau De Toilette For Men - 100ml
959,Prada Luna Rossa Eau De Toilette For Men - 150ml
960,Prada L'Homme Eau De Toilette For Men
961,Prada La Femme Eau De Perfume For Women - 100ml
962,Prada L'Femme L'Eau Eau De Toilette For Women - 100ml
963,Prada Candy Eau De Perfume - 80ml
964,Prada Candy Collectors Edition Eau De Perfume - 80ml
965,Prada Candy Eau De Perfume - 50ml
966,Prada Amber Pour Homme Eau De Toilette For Men - 100ml
967,Nina Ricci Ricci Eau De Perfume For Women - 80ml
968,Nina Ricci Mademoiselle Ricci Eau De Perfume For Women - 80ml
969,Nina Ricci L'Extase Eau De Perfume For Women - 80ml
970,Nina Ricci Premier Jour Eau De Parfum For Women - 100ml
971,Nina Ricci Rose Extase Eau De Toilette For Women - 80ml
972,Nina Ricci Nina L'Eau Eau De Toilette For Women - 80ml
973,Nina Ricci Luna Eau De Toilette For Women - 80ml
974,Nina Ricci Luna Blossom Eau De Toilette For Women - 80ml
975,Nina Ricci L'Air Du Temps Eau De Toilette For Women - 100ml
976,Nina Ricci Nina Apple Eau De Toilette For Women - 80ml
977,Victoria's Secret Bombshell Seduction Eau De Perfume - 100ml
978,Jimmy Choo Man Intense Eau De Toilette - 100ml
979,Jimmy Choo Man Ice Eau De Toilette For Men - 100ml
980,Jimmy Choo Man Eau De Toilette For Men - 100ml
981,Jimmy Choo Eau De Toilette For Women - 100ml
982,Jimmy Choo Illicit Flower Eau De Toilette For Women - 100ml
983,Jimmy Choo Illicit Eau De Parfum
984,Jimmy Choo Eau De Parfum For Women - 100ml
985,Jimmy Choo Blossom Eau De Parfum For Women - 100ml
986,Guess Seductive Homme Eau De Toilette For Men - 100ml
987,Guess Seductive Eau De Toilette For Women - 75ml
988,Guess Seductive Homme Blue Eau De Toilette For Men - 100ml
989,Guess Pink Eau De Parfum For Women - 75ml
990,Guess Night Eau De Toilette For Men - 100ml
991,Guess Night Eau De Toilette For Men - 30ml
992,Guess Night Access Eau De Toilette For Men - 30ml
993,Guess Man Green Eau De Toilette For Men - 75ml
994,Guess Girl Eau De Toilette For Women - 100ml
995,Guess Girl Belle Eau De Toilette For Women - 100ml
996,Guess Dare Eau De Toilette For Women - 100ml
997,Guess Dare Homme Eau De Toilette For Men - 100ml
998,Guess By Marciano Eau De Toilette For Men - 100ml
999,Guess By Marciano Eau De Perfume For Women - 100ml
1000,Guess 1981 Eau De Toilette For Women - 100ml
1001,Guess 1981 Indigo Eau De Toilette For Women - 100ml
1002,Guess 1981 Indigo Eau De Toilette For Men - 100ml
1003,Dolce & Gabbana The One Grey Eau De Toilette
1004,Dolce & Gabbana The Only One Eau De Parfum For Women
1005,Hermes Voyage D'Hermes Eau De Toilette For Men - 100ml
1006,Hermes Terre D'Hermes Eau De Toilette For Men
1007,Hermes Terre D'Hermes Eau De Toilette For Men - 100ml
1008,Hermes Terre D'Hermes Parfum For Men - 200ml
1009,Hermes Terre D'Hermes Parfum For Men - 75ml
1010,Narciso Rodriguez For Her Fleur Musc Eau De Perfume For Women - 100ml
1011,Narciso Rodriguez For Her Eau De Toilette For Women - 100ml
1012,Narciso Rodriguez Poudree Eau De Perfume For Women - 90ml
1013,Narciso Rodriguez Narciso  Eau De Perfume For Women - 90ml
1014,Narciso Rodriguez For Her Eau De Parfum For Women - 100ml
1015,Narciso Rodriguez For Him Bleu Noir Eau De Parfum
1016,Narciso Rodrigues For Him Eau De Parfum
1017,Narciso Rodrigues Gray For Him Eau De Toilette For Men - 100ml
1018,Narciso Rodriguez For Him Bleu Noir Eau De Toilette For Men - 100ml
1019,Issey Miyake Nuit D'Issey Bleu Astral Eau de Toilette for Men
1020,Christian Dior Sauvage Eau De Toilette For Men
1021,Christian Dior Poison Eau De Toilette For Women - 100ml
1022,Christian Dior Poison Girl Eau De Perfume For Women - 100ml
1023,Christian Dior Homme Eau For Men Perfume Eau De Toilette - 100ml
1024,Christian Dior Fahrenheit Eau De Toilette
1025,Christian Dior Eau Sauvage Eau De Toilette For Men - 100ml
1026,Nautica Voyage Sport Eau De Toilette For Men - 100ml
1027,Nautica Voyage N-83 Eau De Toilette For Men - 100ml
1028,Nautica Voyage Eau De Toilette For Men - 100ml
1029,Nautica Blue Sail Eau De Toilette For Men - 100ml
1030,Nautica Life Energy Eau De Toilette For Men - 100ml
1031,Nautica Life Eau De Toilette For Men - 100ml
1032,Nautica Classic Man Eau De Toilette For Men - 100ml
1033,Nautica Blue Eau De Toilette For Men - 100ml
1034,Nautica Aqua Rush Eau De Toilette For Men - 100ml
1035,Mont Blanc Presence Cool Eau de Toilette For Men - 75ml
1036,Mont Blanc Legend Eau de Toilette For Men
1037,Mont Blanc Lady Emblem L'EAU Eau de Toilette For Women - 75ml
1038,Mont Blanc Individuel Eau de Toilette For Men - 75ml
1039,Mont Blanc Individuelle Femme Eau de Toilette For Women - 75ml
1040,Mont Blanc Emblem Eau de Toilette For Men - 100ml
1041,Mont Blanc Emblem Absolu Eau de Toilette For Men - 100ml
1042,Mont Blanc Legend Night Eau De Parfum For Men
1043,Mont Blanc Presence Eau de Toilette
1044,Mont Blanc Legend Spirit Eau De Toilette For Men
1045,Mont Blanc Lady Emblem Eau de Perfume For Women - 75ml
1046,Mont Blanc Emblem Intense Eau de Toilette For Men - 100ml
1047,Ralph Lauren Women Eau de Perfume - 100ml
1048,Ralph Lauren Polo Supreme Leather Eau de Perfume For Men - 125ml
1049,Ralph Lauren Romance Eau de Perfume For Women - 100ml
1050,Ralph Lauren Polo Supreme Cashmere Eau de Perfume - 125ml
1051,Ralph Lauren Polo Red Rush Eau de Toilette For Men - 75ml
1052,Ralph Lauren Polo Red Extreme Parfum For Men
1053,Ralph Lauren Polo Blue Sport Eau de Toilette For Men - 75ml
1054,Ralph Lauren Polo Blue Eau de Toilette for Men
1055,Ralph Lauren Big Pony No 4 Eau de Toilette For Men
1056,Ralph Lauren Safari Eau de Toilette for Men - 125ml
1057,Ralph Lauren Polo Red Intense Eau de Perfume For Men - 125ml
1058,Ralph Lauren Polo Blue Eau de Parfum For Men
1059,Ralph Lauren Polo Black Eau de Toilette For Men - 125ml
1060,Lacoste Pour Homme Eau De Toilette For Men
1061,Lacoste Pour Femme Eau De Parfum For Women - 90ml
1062,Tom Ford Velvet Orchid Eau De Perfume - 100ml
1063,Tom Ford Tuscan Leather Eau De Perfume
1064,Tom Ford Tobacco Oud Eau De Perfume
1065,Tom Ford Oud Wood Eau De Perfume
1066,Tom Ford Noir Extreme Eau De Parfum For Men
1067,Tom Ford Noir De Noir Eau De Parfum For Unisex
1068,Tom Ford Grey Vetiver Eau De Perfume - 100ml
1069,United Colors of Benetton Love Yourself Fragrance Gift Set
1070,United Colors of Benetton Colors Pink Perfume Gift Set For Women
1071,United Colors of Benetton Colors Green Fragrance Gift Set
1072,United Colors of Benetton Blue Perfume Gift Set For Men
1073,United Colors of Benetton Big Fragrance Gift Set
1074,United Colours of Benetton Be Strong Perfume Gift Set For Men
1075,United Colors of Benetton Colors Woman Pink Eau De Toilette For Women 80ml
1076,Bentley For Men Eau De Toilette
1077,Bentley Infinite Intense Eau De Parfum For Men
1078,Bentley Black Edition Eau De Parfum For Men
1079,Bentley Azure Eau De Toilette For Men
1080,Bentley Absolute Eau De Parfum For Men
1081,Cartier Declaration Parfum for Men
1082,Cartier Declaration Eau de Toilette
1083,Cartier Pasha Eau de Toilette Perfume for Men - 100ml
1084,Cartier La Panther Eau de Perfume for Women - 75ml
1085,Cartier De Santos Eau de Toilette for Men - 100ml
1086,Cartier Declaration Essence Eau de Toilette Perfume for Men - 100ml
1087,Dunhill Desire Red Gift Set for Men
1088,Jimmy Choo Man Ice Perfume Gift Set For Men
1089,Giorgio Armani Acqua Di Gio Gift Set
1090,Victoria's Secret Fragrance Mist Pack of 4 Gift Set
1091,Fan Di By Fendi Perfume Gift Set For Women
1092,Mont Blanc Emblem Absolu Perfume Gift Set For Men
1093,Paco Rabanne Lady Million Absolu Gold Eau de Perfume - 80ml
1094,Paco Rabanne Ultraviolet Eau de Toilette Perfume For Men - 100ml
1095,Paco Rabanne Pure XS Eau de Perfume For Women - 80ml
1096,Paco Rabanne Olympea Eau de Parfum For Women
1097,Paco Rabanne PURE XS Eau de Toilette Perfume For Men - 100ml
1098,Paco Rabanne Lady Million Eau de Parfum
1099,Paco Rabanne Invictus Eau De Toilette For Men
1100,Paco Rabanne Black XS Eau de Toilette Perfume For Men - 100ml
1101,Paco Rabanne Black XS Eau de Toilette Perfume For Women - 80ml
1102,Paco Rabanne 1 Million Eau De Toilette For Men 100ml
1103,Giorgio Armani Acqua Di Gio Profumo Parfum For Men
1104,Giorgio Armani Si Passione Eau De Parfum
1105,Clinique Happy Heart Eau De Parfum For Women - 100ml
1106,Clinique Happy Eau De Perfume For Women - 100ml
1107,Clinique Happy For Men Cologne Spray Eau De Toilette Perfume - 100ml
1108,Issey Miyake L'eau D'Issey Yuzu EDT Perfume For Men - 125ml
1109,Issey Miyake Summer 2015 Pour L'ete EDT Perfume For Men - 125ml
1110,Issey Miyake Pour Homme Sport EDT Perfume - 100ml
1111,Issey Miyake Pure Nectar EDP Perfume For Women - 90ml
1112,Issey Miyake Pure EDP Perfume For Women - 90ml
1113,Issey Miyake Pleats Please Eau De Toilette For Women - 100ml
1114,Issey Miyake Nuit EDT Perfume For Men - 125ml
1115,Issey Miyake Nuit Eau De Perfume For Men - 125ml
1116,Issey Miyake Noir Argent EDP Perfume For Men - 100ml
1117,Issey Miyake L'Eau D'Issey Eau De Toilette For Men
1118,Issey Miyake L'eau Majeure D'issey EDT Perfume For Men - 100ml
1119,Issey Miyake L'Eau D'Issey Eau De Toilette For Women
1120,Issey Miyake L Eau Bleue Eau Fraiche EDT Perfume For Men  125ml
1121,Issey Miyake A Scent by Issey Miyake EDT For Women - 50ml
1122,Issey Miyake Pour Homme Intense EDT Perfume - 125ml
1123,Issey Miyake Florale EDT Perfume For Women - 90ml
1124,Issey Miyake Bleue Pour Homme EDT Perfume For Men - 125ml
1125,Victoria Secret Bombshell Eau De Parfum
1126,Arabian Oud Woody Eau De Parfum Unisex
1127,Jaguar Vision EDT Perfume For Men - 100ml
1128,Jaguar Vision II EDT Perfume For Men - 100ml
1129,Jaguar Vision III EDT Perfume For Men - 100ml
1130,Jaguar Signature of Excellence EDP Perfume For Men - 100ml
1131,Jaguar Performance EDT Perfume For Men - 100ml
1132,Jaguar Pace EDT Perfume For Men - 100ml
1133,Jaguar Classic Motion Eau De Toilette For Men - 100ml
1134,Jaguar Imperial EDT Perfume For Men - 100ml
1135,Jaguar Green EDT Perfume For Men - 100ml
1136,Jaguar Classic Gold EDT Perfume For Men - 100ml
1137,Jaguar Excellence Intense Eau De Parfum For Men-100ml
1138,Jaguar Classic Blue Eau De Toilette For Men - 100ml
1139,Jaguar Classic Black EDT Perfume For Men - 100ml
1140,Carolina Herrera 212 VIP Eau De Toilette For Men
1141,Carolina Herrera 212 VIP Rose EDP Perfume For Women - 80ml
1142,Carolina Herrera 212 VIP Party Fever Eau De Toilette For Men
1143,Carolina Herrera 212 VIP Eau De Parfum  For Women
1144,Carolina Herrera 212 Vip Black Eau De Parfum For Men
1145,Carolina Herrera 212 Sexy Eau De Toilette For Men
1146,Carolina Herrera 212 Sexy Eau De Parfum For Women
1147,Carolina Herrera 212 Eau De Toilett For Men
1148,Carolina Herrera 212 Nyc Eau De Toilette For Women
1149,Salvatore Ferragamo Signorina Misteriosa Eau De Parfum For Women
1150,Salvatore Ferragamo Signorina In Fiore Eau De Toilette
1151,Salvatore Ferragamo Signorina Eleganza EDP Perfume - 100ml
1152,Salvatore Ferragamo Signorina Eau De Parfum
1153,Salvatore Ferragamo Acqua Essenziale Blu EDT Perfume - 100ml
1154,Givenchy Play For Him EDT Perfume For Men - 100ml
1155,Givenchy Pi Neo EDT Perfume For Men - 100ml
1156,Givenchy Insense Ultramarine EDT Perfume For Men - 100ml
1157,Givenchy Hot Couture EDT Perfume - 100ml
1158,Givenchy Amarige EDT Perfume - 100ml
1159,Fcuk Him EDT Perfume For Men - 100ml
1160,Fcuk Late Night Eau De Toilette For Men - 100ml
1161,Fcuk Late Night EDT Perfume For Women - 100ml
1162,Fcuk Her EDT Perfume For Women - 100ml
1163,Fcuk Friction EDT Perfume For Men - 100ml
1164,Fcuk 3 Him EDT Perfume For Men - 100ml
1165,Fcuk 3 Her EDT Perfume For Women - 100ml
1166,Estee Lauder Pleasures For Men Eau De Cologne - 100ml
1167,Estee Lauder Wood Mystique Eau De Perfume For Unisex - 100ml
1168,Estee Lauder White Linen Eau De Perfume For Women - 60ml
1169,Estee Lauder Pleasures Eau De Perfume For Women - 100ml
1170,Estee Lauder Pleasures Intense Eau De Perfume For Women - 100ml
1171,Estee Lauder Pleasure Bloom Eau De Perfume - 100ml
1172,Estee Lauder Modern Muse Eau De Parfum For Women - 100ml
1173,Estee Lauder Beyond Paradise Eau De Perfume For Women - 50ml
1174,Estee Lauder Beautiful Eau De Perfume For Women - 75ml
1175,Yves Saint Laurent Cinema EDP Perfume For Women - 90ml
1176,Yves Saint Laurent Mon Paris Eau De Parfum For Women - 90ml
1177,Yves Saint Laurent La Nuit de L'Homme Le Parfum EDP Perfume - 100ml
1178,Yves Saint Laurent L'Homme L'Intense EDP Perfume For Men - 100ml
1179,Yves Saint Laurent Kouros Silver EDT Perfume For Men - 100ml
1180,Yves Saint Laurent Kouros Eau De Toilette For Men - 100ml
1181,Yves Saint Laurent Kouros Body EDT Perfume - 100ml
1182,Yves Saint Laurent Black Opium Floral Shock EDP Perfume For Women - 90ml
1183,Dkny Be Delicious Eau De Toilette
1184,Dkny Stories Eau De Parfum For Women
1185,Dkny Nectar Love Eau De Parfum For Women
1186,Dkny Myny Eau De Parfum For Women
1187,Dkny Men Eau De Toilette For Men
1188,Dkny Golden Delicious Eau De Parfum For Women
1189,Dkny Be Tempted Eau De Parfum
1190,Dkny Be Delicious Eau De Parfum
1191,Dkny Be Delicious Fresh Blossom Eau De Parfum
1192,Diesel Plus Plus EDT Perfume For Men - 75ml
1193,Diesel Only The Brave Wild EDT Perfume - 75ml
1194,Diesel Only The Brave EDT Perfume For Men - 75ml
1195,Diesel Fuel For Life Unlimited EDP Perfume For Women - 50ml
1196,Diesel Bad EDT Perfume For Men - 75ml
1197,Versace Yellow Diamond Eau De Toilette For Women
1198,Versace Versense EDT Perfume For Women - 100ml
1199,Versace Red Jeans EDT Perfume For Women - 75ml
1200,Versace Pour Homme Eau De Toilette For Men
1201,Versace Pour Homme Dylan Blue Eau De Toilette For Men
1202,Versace Pour Femme EDP Perfume For Women - 100ml
1203,Versace Oud Oriental EDP Perfume For Women - 100ml
1204,Versace Oud Noir EDP Perfume For Men - 100ml
1205,Versace Eros Pour Femme Eau De Parfum
1206,Versace Eros Eau De Toilette
1207,Versace Man Eau Fraiche Eau De Toilette
1208,Versace Bright Crystal Eau De Toilette
1209,Versace Blue Jeans EDT Perfume For Men - 75ml
1210,Police To Be Woman Eau De Parfum For Women - 125ml
1211,Police To Be Man Eau De Toilette For Men - 125ml
1212,Police to Be Illusionist EDT Perfume - 125ml
1213,Police Patchouli Femme Eau De Toilette 100ml
1214,Police Passion Femme Eau De Toilette For Women 100ml
1215,Police Original Eau De Toilette For Men - 100ml
1216,Police Legend Eau de Parfum For Men 100ml
1217,Police Imperial Patchouli Eau De Toilette 100ml
1218,Police Icon Intense Eau De Perfume For Men - 125ml
1219,Police Icon Gold Eau De Parfum For Women - 125ml
1220,Police Icon Eau De Perfume For Men - 125ml
1221,Police Frozen Eau De Toilette 100ml
1222,Police Exotic Femme Eau De Toilette 100ml
1223,Police Dark Femme Eau De Toilette Perfume-100ml
1224,Police Cosmopolitan Eau De Toilette Perfume - 100ml
1225,Police Contemporary Eau De Toilette 100ml
1226,David Beckham Respect EDT Perfume -  90ml
1227,David Beckham Intimately Man Eau De Toilette-75ml
1228,David Beckham Instinct EDT Perfume - 75ml
1229,David Beckham Homme EDT Perfume - 75ml
1230,David Beckham The Essence Eau De Toilette Perfume For Men 75ml
1231,David Beckham Classic EDT Perfume - 90ml
1232,David Beckham Classic Blue EDT Perfume - 90ml
1233,David Beckham Beyond Eau De Toilette - 90ml
1234,Giorgio Armani Sun Di Gioia EDP Perfume For Women - 100ml
1235,Giorgio Armani Sky Di Gioia EDP Perfume For Women
1236,Giorgio Armani Si Intense Eau De Parfum For Women-100ml
1237,Giorgio Armani Eau De Nuit Oud EDP Perfume For Men - 100ml
1238,Giorgio Armani Eau De Nuit Eau De Toilette For Men
1239,Giorgio Armani Code Profumo EDP Perfume For Men
1240,Giorgio Armani Code EDT Perfume For Men - 125ml
1241,Giorgio Armani Code Colonia EDT Perfume For Men
1242,Giorgio Armani Acqua Di Gio Eau De Toilette For Men
1243,Giorgio Armani Acqua Di Gio Absolu Eau De Parfum
1244,Bvlgari Man Wood Essence Eau De Parfum For Men
1245,Bvlgari Rose Goldea Eau De Parfum
1246,Bvlgari Pour Homme Soir EDT Perfume - 100ml
1247,Bvlgari Pour Femme EDT Perfume For Women - 100ml
1248,Bvlgari Omnia Pink Sapphire EDT Perfume For Women - 65ml
1249,Bvlgari Omnia Crystalline EDT Perfume For Women - 65ml
1250,Bvlgari Omnia Coral EDT Perfume For Women - 65ml
1251,Bvlgari Omnia Amethste EDT Perfume For Women - 65ml
1252,Bvlgari Man in Black Orient EDP Perfume - 100ml
1253,Bvlgari Man in Black Eau De Parfum For Men
1254,Bvlgari Man Extreme EDT Perfume For Men - 60ml
1255,Bvlgari Man EDT Perfume For Men - 100ml
1256,Bvlgari Man Black Colonge EDT Perfume For Men
1257,Bvlgari Goldea The Roman Night EDP Perfume - 75ml
1258,Bvlgari BLV Pour Homme Eau De Toilette
1259,Bvlgari Aqva Pour Homme Atlantique EDT Perfume For Men - 100ml
1260,Bvlgari Aqva Pour Homme Eau De Toilette
1261,Bvlgari Aqva Marine Pour Homme Eau De Toilette
1262,Bvlgari Aqua Divina EDT Perfume For Women - 65ml
1263,Bvlgari Aqva Amara EDT Perfume For Men - 100ml
1264,Hugo Boss The Scent Private Accord Eau De Toilette
1265,Hugo Boss Deep Red Eau De Parfum For Women
1266,Hugo Boss BOSS Femme Eau De Parfum For Women 75ml
1267,Hugo Boss BOSS Woman Eau De Parfum For Women
1268,Hugo Boss BOSS Orange Man Eau De Toilette For Men 100ml
1269,Hugo Boss BOSS Orange Eau De Toilette For Women 75ml
1270,Hugo Boss Just Different Eau De Toilette
1271,Hugo Boss HUGO Man Eau De Toilette
1272,Hugo Boss Dark Blue Perfume For Men - 75ml
1273,Hugo Boss Bottled Unlimited Perfume For Men
1274,Hugo Boss BOSS Bottled Oud Eau De Parfum For Men  - 100ml
1275,Hugo Boss BOSS Bottled Night Eau De Toilette
1276,Hugo Boss Bottled Man Of Today Edition Eau De Toilette
1277,Hugo Boss BOSS Bottled Eau De Toilette For Men
1278,Calvin Klein Contradiction Eau de Toilette For Men-100ml
1279,Calvin Klein Contradiction Eau De Parfum For Women-100ml
1280,Calvin Klein Truth Eau De Toilette For Men - 100ml
1281,Calvin Klein Truth Eau De Parfum For Women - 100ml
1282,Calvin Klein Sheer Beauty Eau De Toilette For Women - 100ml
1283,Calvin Klein Secret Obsession Eau De Parfum - 100ml
1284,Calvin Klein Reveal Eau De Toilette For Men
1285,Calvin Klein Reveal Eau De Parfum For Women - 100ml
1286,Calvin Klein One Shock For Her Eau De Toilette
1287,Calvin Klein One Shock For Him Eau De Toilette
1288,Calvin Klein CK One Eau De Toilette Unisex
1289,Calvin Klein Obsession Night Eau De Toilette For Men - 125ml
1290,Calvin Klein Obsession Eau De Toilette For Men - 125ml
1291,Calvin Klein Obsession Eau De Parfum For Women - 100ml
1292,Calvin Klein Obsessed Eau De Parfum For Women - 100ml
1293,Calvin Klein In2U Him Eau De Toilette
1294,Calvin Klein In2U Her Eau De Toilette
1295,Calvin Klein Euphoria Eau De Toilette For Men - 100ml
1296,Calvin Klein Euphoria Intense Eau De Toilette For Men 100ml
1297,Calvin Klein Euphoria Essence Eau De Toilette For Men - 100ml
1298,Calvin Klein Eternity Moment Eau De Parfum For Women - 100ml
1299,Calvin Klein Eternity Intense Eau De Parfum For Women - 100ml
1300,Calvin Klein Eternity Eau De Parfum For Women-100ml
1301,Calvin Klein Eternity Aqua Eau De Toilette For Men - 100ml
1302,Calvin Klein Eternity Air Eau De Toilette For Men -100ml
1303,Calvin Klein Escape Eau De Toilette For Men - 100ml
1304,Calvin Klein Escape Eau De Parfum For Women - 100ml
1305,Calvin Klein Man Eau De Toilette - 100ml
1306,Calvin Klein Beauty Eau De Parfum For Women
1307,Ferrari Vetiver Essence Perfume For Men 100ml
1308,Ferrari Silver Essence Perfume - 100ml
1309,Ferrari Scuderia Racing Red Perfume For Men - 125ml
1310,Ferrari Scuderia Forte Perfume For Men - 125ml
1311,Ferrari Scuderia Black Eau De Toilette
1312,Ferrari Scuderia Club Perfume - 125ml
1313,Ferrari Scuderia Black Signature Perfume For Men - 125ml
1314,Ferrari Scuderia Black Eau De Toilette 200ml
1315,Ferrari Red Power Perfume For Men - 125ml
1316,Ferrari Red Power Intense Perfume For Men - 125ml
1317,Ferrari Red Power Ice 3 Perfume For Men - 125ml
1318,Ferrari Red Perfume For Men - 125ml
1319,Ferrari Noble Fig Perfume - 100ml
1320,Ferrari Man in Red Perfume For Men - 100ml
1321,Ferrari Light Essence Perfume For Men - 125ml
1322,Ferrari Leather Essence Perfume For Men - 100ml
1323,Ferrari Pure Lavender Eau De Toilette For Unisex
1324,Ferrari Essence Oud Perfume - 100ml
1325,Ferrari Essence Musk Perfume For Men - 100ml
1326,Gucci Premiere EDP Perfume For Women
1327,Gucci Premier EDT Perfume For Women
1328,Gucci Oud Perfume For Women
1329,Gucci Oud Intense Eau De Parfum For Unisex
1330,Gucci Made to Measure EDT Perfume For Men
1331,Gucci Guilty Platinum Perfume For Men
1332,Gucci Guilty Perfume For Women
1333,Gucci Guilty Intense Pour Homme Eau De Toilette For Men
1334,Gucci Guilty Diamond Limited Edition Eau De Toilette For Men 90ml
1335,Gucci Guilty Black Pour Homme Perfume For Men
1336,Gucci Guilty Black Perfume For Women
1337,Gucci Flora Gardenia Perfume For Women - 100ml
1338,Gucci Flora Eau Fraiche Perfume For Women
1339,Gucci By Gucci Perfume For Men EDT
1340,Gucci Bloom Nettare Di Fiori Perfume EDT
1341,Gucci Bloom Aqua Perfume For Women
1342,Victoria Secret Very Sexy Now Wild Palm Perfume - 100ml
1343,Victoria Secret Very Sexy Now Beach Perfume - 100ml
1344,Victoria Secret Scandalous Purfume - 100ml
1345,Victoria Secret Noir Tease Perfume - 100ml
1346,Victoria Secret Love Star Perfume - 100ml
1347,Victoria Secret Love Me More Perfume -100ml
1348,Victoria Secret Love Me Perfume - 100ml
1349,Victoria Secret Love Perfume - 100ml
1350,Victoria Secret Bombshell Summer Perfume For Women - 100ml
1351,Victoria Secret Bombshell Night Perfume - 100ml
1352,Victoria Secret Angel Gold Perfume For Women - 100ml
1353,Elie Saab In White Eau De Parfum For Women-90ml
1354,Elie Saab Nuit Noor Perfume For Women - 90ml
1355,Elie Saab Le Parfum Eau De Parfum Intense For Women-90ml
1356,Elie Saab La Rose Couture Perfume For Women - 90ml
1357,Elie Saab Girl of Now Perfume For Women - 90ml
1358,Elie Saab Essence No 7 Neroli Perfume - 100ml
1359,Elie Saab Essence No 6 Vetiver Perfume - 100ml
1360,Elie Saab Essence No. 4 Oud Eau De Perfume For Unisex - 100ml
1361,Elie Saab Essence No 3 Ambre Perfume - 100ml
1362,Elizabeth Taylor White Diamonds Perfume For Women - 100ml
1363,Elizabeth Taylor White Diamond Night Perfume - 100ml
1364,Elizabeth Arden Sunflowers Dream Petals Eau De Toilette For Women - 100ml
1365,Elizabeth Arden Sunflower Perfume For Women -100ml
1366,Elizabeth Arden Red Door Aura Perfume For Women - 100ml
1367,Elizabeth Arden Green Tea Honey Suckle Perfume - 100ml
1368,Elizabeth Arden Green Tea Exotic Perfume For Women - 100ml
1369,Elizabeth Arden Beauty Eau De Parfum For Women-100ml
1370,Davidoff Adventure Eau De Toilette For Men - 100ml
1371,Elizabeth Arden Untold Perfume - 100ml
1372,Elizabeth Arden True Love Perfume For Women - 100ml
1373,Elizabeth Arden Red Door Perfume For Women - 100ml
1374,Elizabeth Arden Green Tea Lotus Perfume For Women - 100ml
1375,Elizabeth Arden Green Tea Jasmine Perfume For Women - 100ml
1376,Elizabeth Arden Green Tea Eau Parfumee For Women - 100ml
1377,Elizabeth Arden 5th Avenue NYC Perfume For Women - 125ml
1378,Elizabeth Arden 5th Avenue Night Perfume For Women - 125ml
1379,Elizabeth Arden 5th Avenue Perfume For Women - 125ml
1380,Dunhill Pursuit Perfume For Men - 75ml
1381,Dunhill Icon Racing Green Eau De Parfum
1382,Dunhill London Icon Parfum For Men-100ml
1383,Dunhill Icon Elite Perfume For Men - 100ml
1384,Dunhill Icon Absolute Eau De Parfum For Men - 100ml
1385,Dunhill Desire Silver Perfume For Men - 100ml
1386,Dunhill Desire Red Eau  De Toilette For Men
1387,Dunhill Desire for A Men - 150ml
1388,Dunhill Desire Blue Perfume For Men
1389,Dunhill Desire Red Extreme Perfume - 100ml
1390,Dunhill 51.3 Perfume For Men - 100ml
1391,Dolce & Gabbana Dolce Garden Eau De Parfum
1392,Dolce & Gabbana The One Eau De Parfum For Women
1393,Dolce & Gabbana The One Eau De Parfum
1394,Dolce & Gabbana Pour Homme Eau De Toilette
1395,Dolce & Gabbana Pour Femme Eau De Parfum
1396,Dolce & Gabbana Light Blue Eau De Toilette Pour Homme
1397,Dolce & Gabbana Light Blue Eau De Toilette For Women
1398,Dolce & Gabbana Light Blue Eau Intense Pour Homme
1399,Dolce & Gabbana Light Blue Eau Intense Eau De Parfum  Pour Femme
1400,Dolce & Gabbana Italian Zest Eau De Toilette
1401,Dolce & Gabbana Italian Zest Eau De Toilette
1402,Dolce & Gabbana Dolce Eau De Parfum
1403,Dolce & Gabbana Pour Homme Eau De Toilette
1404,Dolce & Gabbana Intenso Eau De Parfum Pour Homme
1405,Davidoff Zino Eau De Toilette For Men 125ml
1406,Davidoff The Game Eau De Toilette For Men 100ml
1407,Davidoff The Brilliant Game Eau De Toilette For Men 100ml
1408,Davidoff Hot Water Eau De Toilette For Men 110ml
1409,Davidoff Horizon Eau De Toilette For Men - 125ml
1410,Davidoff Cool Water Women Wave Eau De Toilette 100ml
1411,Davidoff Cool Water Sea Rose Pacific Summer Edition Eau De Toilette For Women 100ml
1412,Davidoff Cool Water Coral Reef For Women - 100ml
1413,Davidoff Cool Water Caribbean Summer Eau De Toilette - 100ml
1414,Davidoff Cool Water For Women Perfume - 100ml
1415,Davidoff Cool Water Eau De Toilette For Men
1416,Davidoff Champion Eau De Toilette For Men - 90ml
1417,Davidoff Agar Blend Eau De Parfum Unisex - 100ml
1418,Antonio Banderas The Secret Eau De Toilette For Men
1419,Antonio Banderas Seduction In Black Eau De Toilette  For Men
1420,Antonio Banderas Queen Of Seduction Eau De Toilette For Women
1421,Antonio Banderas King Of Seduction Eau De Toilette For Men
1422,Antonio Banderas Secret Temptation Eau De Toilette For Women
1423,Antonio Banderas Her Secret Eau De Toilette For Women
1424,Antonio Banderas Golden Secret Eau De Toilette For Men
1425,Antonio Banderas Her Golden Secret Eau De Toilette For Women
1426,Antonio Banderas Blue Seduction Eau De Toilette  For Men
1427,Azzaro Wanted By Night Eau De Parfum For Men
